# row,col,
762.000000,2630.000000
1595.000000,3034.000000
1756.000000,3198.000000
1759.000000,3256.000000
4423.000000,6253.000000
