# row,col,
1350.000000,3408.000000
1352.000000,1197.000000
1525.000000,2574.000000
2052.000000,1763.000000
2059.000000,2818.000000
2163.000000,2991.000000
2256.000000,1869.000000
