# row,col,
3722.000000,3260.000000
3743.000000,2999.000000
3795.000000,3079.000000
