# row,col,
867.000000,2248.000000
2155.000000,898.000000
2243.000000,801.000000
2248.000000,4546.000000
2374.000000,933.000000
2511.000000,4905.000000
2556.000000,881.000000
2561.000000,4566.000000
2637.000000,847.000000
2995.000000,1201.000000
3056.000000,4778.000000
3099.000000,5085.000000
3203.000000,4875.000000
3465.000000,4510.000000
3490.000000,4233.000000
5207.000000,3482.000000
5652.000000,3437.000000
